{"mean_fit_time":14.1790911357,"std_fit_time":0.0389535916,"mean_score_time":3.729411602,"std_score_time":0.1616154806,"param_lgbmr__n_estimators":100,"split0_test_score":0.4387368298,"split1_test_score":0.437407391,"split2_test_score":0.4456402598,"mean_test_score":0.4405948269,"std_test_score":0.0036087068,"rank_test_score":1}