{"mean_fit_time":7.9716684024,"std_fit_time":0.046325085,"mean_score_time":2.7300202052,"std_score_time":0.0265434241,"param_lgbmr__n_estimators":100,"split0_test_score":0.4475225733,"split1_test_score":0.4395464476,"split2_test_score":0.4281047926,"mean_test_score":0.4383912712,"std_test_score":0.0079692483,"rank_test_score":1}