{"mean_fit_time":9.6059946219,"std_fit_time":0.056581428,"mean_score_time":2.6528483232,"std_score_time":0.0240448895,"param_lgbmr__n_estimators":100,"split0_test_score":0.4475225733,"split1_test_score":0.4395464476,"split2_test_score":0.4281047926,"mean_test_score":0.4383912712,"std_test_score":0.0079692483,"rank_test_score":1}