{"mean_fit_time":13.2081315517,"std_fit_time":0.2119631009,"mean_score_time":5.4317492644,"std_score_time":0.1727217739,"param_lgbmr__n_estimators":100,"split0_test_score":0.4475225733,"split1_test_score":0.4395464476,"split2_test_score":0.4281047926,"mean_test_score":0.4383912712,"std_test_score":0.0079692483,"rank_test_score":1}