{"mean_fit_time":10.7830587228,"std_fit_time":0.2142443061,"mean_score_time":5.1221467654,"std_score_time":0.2776785221,"param_lgbmr__n_estimators":100,"split0_test_score":0.4475225733,"split1_test_score":0.4395464476,"split2_test_score":0.4281047926,"mean_test_score":0.4383912712,"std_test_score":0.0079692483,"rank_test_score":1}